{"id":1,"title":"Home Page","content":"[{\"type\":\"form_search_all_service\",\"name\":\"Form Search All Service\",\"model\":{\"service_types\":[\"hotel\",\"space\",\"tour\",\"car\",\"event\"],\"title\":\"Hi There!\",\"sub_title\":\"Where would you like to go?\",\"bg_image\":16,\"style\":\"carousel\",\"list_slider\":[{\"_active\":true,\"bg_image\":47},{\"_active\":true,\"bg_image\":16}]},\"component\":\"RegularBlock\",\"open\":true,\"is_container\":false},{\"type\":\"offer_block\",\"name\":\"Offer Block\",\"model\":{\"list_item\":[{\"_active\":false,\"title\":\"Special Offers\",\"desc\":\"Find Your Perfect Hotels Get the best<br>\\nprices on 20,000+ properties<br>\\nthe best prices on\",\"background_image\":17,\"link_title\":\"See Deals\",\"link_more\":\"#\",\"featured_text\":\"HOLIDAY SALE\"},{\"_active\":true,\"title\":\"Newsletters\",\"desc\":\"Join for free and get our <br>\\ntailored newsletters full of <br>\\nhot travel deals.\",\"background_image\":18,\"link_title\":\"Sign Up\",\"link_more\":\"\/register\",\"featured_icon\":\"icofont-email\"},{\"_active\":true,\"title\":\"Travel Tips\",\"desc\":\"Tips from our travel experts to <br>\\nmake your next trip even<br>\\nbetter.\",\"background_image\":19,\"link_title\":\"Sign Up\",\"link_more\":\"\/register\",\"featured_text\":null,\"featured_icon\":\"icofont-island-alt\"}]},\"component\":\"RegularBlock\",\"open\":true,\"is_container\":false},{\"type\":\"list_hotel\",\"name\":\"Hotel: List Items\",\"model\":{\"title\":\"Bestseller Listing\",\"desc\":\"Hotel highly rated for thoughtful design\",\"number\":4,\"style\":\"normal\",\"location_id\":\"\",\"order\":\"id\",\"order_by\":\"asc\",\"is_featured\":\"\"},\"component\":\"RegularBlock\",\"open\":true,\"is_container\":false},{\"type\":\"list_locations\",\"name\":\"List Locations\",\"model\":{\"service_type\":[\"space\",\"hotel\",\"tour\"],\"title\":\"Top Destinations\",\"desc\":\"It is a long established fact that a reader\",\"number\":6,\"layout\":\"style_4\",\"order\":\"id\",\"order_by\":\"asc\",\"to_location_detail\":\"\"},\"component\":\"RegularBlock\",\"open\":true,\"is_container\":false},{\"type\":\"list_tours\",\"name\":\"Tour: List Items\",\"model\":{\"title\":\"Our best promotion tours\",\"number\":6,\"style\":\"box_shadow\",\"category_id\":\"\",\"location_id\":\"\",\"order\":\"id\",\"order_by\":\"asc\",\"is_featured\":\"\",\"desc\":\"Most popular destinations\"},\"component\":\"RegularBlock\",\"open\":true,\"is_container\":false},{\"type\":\"list_space\",\"name\":\"Space: List Items\",\"model\":{\"title\":\"Rental Listing\",\"desc\":\"Homes highly rated for thoughtful design\",\"number\":4,\"style\":\"normal\",\"location_id\":\"\",\"order\":\"id\",\"order_by\":\"desc\",\"is_featured\":\"\"},\"component\":\"RegularBlock\",\"open\":true,\"is_container\":false},{\"type\":\"list_car\",\"name\":\"Car: List Items\",\"model\":{\"title\":\"Car Trending\",\"desc\":\"Book incredible things to do around the world.\",\"number\":8,\"style\":\"normal\",\"location_id\":\"\",\"order\":\"id\",\"order_by\":\"desc\",\"is_featured\":\"\"},\"component\":\"RegularBlock\",\"open\":true},{\"type\":\"list_event\",\"name\":\"Event: List Items\",\"model\":{\"title\":\"Classical Music Event \",\"desc\":\"Lorem Ipsum is simply dummy text of the printing and typesetting industry\",\"number\":4,\"style\":\"normal\",\"location_id\":\"\",\"order\":\"\",\"order_by\":\"\",\"is_featured\":\"\"},\"component\":\"RegularBlock\",\"open\":true},{\"type\": \"list_news\", \"name\": \"News: List Items\", \"model\": {\"title\": \"Read the latest from blog\", \"desc\": \"Contrary to popular belief\", \"number\": 6, \"category_id\": null, \"order\": \"id\", \"order_by\": \"asc\"}, \"component\": \"RegularBlock\", \"open\": true, \"is_container\": false},{\"type\":\"call_to_action\",\"name\":\"Call To Action\",\"model\":{\"title\":\"Know your city?\",\"sub_title\":\"Join 2000+ locals & 1200+ contributors from 3000 cities\",\"link_title\":\"Become Local Expert\",\"link_more\":\"#\"},\"component\":\"RegularBlock\",\"open\":true,\"is_container\":false},{\"type\":\"testimonial\",\"name\":\"List Testimonial\",\"model\":{\"title\":\"Our happy clients\",\"list_item\":[{\"_active\":false,\"name\":\"Eva Hicks\",\"desc\":\"Faucibus tristique felis potenti ultrices ornare rhoncus semper hac facilisi Rutrum tellus lorem sem velit nisi non pharetra in dui. \",\"number_star\":5,\"avatar\":1},{\"_active\":false,\"name\":\"Donald Wolf\",\"desc\":\"Faucibus tristique felis potenti ultrices ornare rhoncus semper hac facilisi Rutrum tellus lorem sem velit nisi non pharetra in dui. \",\"number_star\":6,\"avatar\":2},{\"_active\":false,\"name\":\"Charlie Harrington\",\"desc\":\"Faucibus tristique felis potenti ultrices ornare rhoncus semper hac facilisi Rutrum tellus lorem sem velit nisi non pharetra in dui.\",\"number_star\":5,\"avatar\":3}]},\"component\":\"RegularBlock\",\"open\":true,\"is_container\":false}]","type_id":null,"create_user":1,"update_user":null,"origin_id":null,"lang":null,"created_at":"2021-08-03T08:31:58.000000Z","updated_at":null,"translations":[{"id":1,"origin_id":1,"locale":"ja","title":"Home Page","content":"[{\"type\":\"form_search_all_service\",\"name\":\"Form Search All Service\",\"model\":{\"service_types\":[\"hotel\",\"space\",\"tour\",\"car\"],\"title\":\"\u3053\u3093\u306b\u3061\u306f\uff01\",\"sub_title\":\"\u3069\u3053\u306b\u884c\u304d\u305f\u3044\uff1f\",\"bg_image\":16},\"component\":\"RegularBlock\",\"open\":true,\"is_container\":false},{\"type\":\"offer_block\",\"name\":\"Offer Block\",\"model\":{\"list_item\":[{\"_active\":true,\"title\":\"\u7279\u5225\u30aa\u30d5\u30a1\u30fc\",\"desc\":\"\u6700\u9069\u306a\u30db\u30c6\u30eb\u3092\u63a2\u3059<br>\\n20,000\u4ee5\u4e0a\u306e\u7269\u4ef6\u306e\u4fa1\u683c<br>\\n\u4e0a\u306e\u6700\u9ad8\u306e\u4fa1\u683c\",\"background_image\":17,\"link_title\":\"\u53d6\u5f15\",\"link_more\":\"#\",\"featured_text\":\"\u30db\u30ea\u30c7\u30fc\u30bb\u30fc\u30eb\"},{\"_active\":true,\"title\":\"\u30cb\u30e5\u30fc\u30b9\u30ec\u30bf\u30fc\",\"desc\":\"\u7121\u6599\u3067\u53c2\u52a0\u3057\u3066\u53d6\u5f97 <br>\\n\u306b\u5408\u308f\u305b\u305f\u30cb\u30e5\u30fc\u30b9\u30ec\u30bf\u30fc<br>\\n\u30db\u30c3\u30c8\u65c5\u884c\u60c5\u5831\u3002\",\"background_image\":18,\"link_title\":\"\u30b5\u30a4\u30f3\u30a2\u30c3\u30d7\",\"link_more\":\"\/register\",\"featured_icon\":\"icofont-email\"},{\"_active\":true,\"title\":\"\u65c5\u884c\u306e\u30d2\u30f3\u30c8\",\"desc\":\"\u65c5\u884c\u306e\u5c02\u9580\u5bb6\u304b\u3089\u306e\u30d2\u30f3\u30c8 <br>\\n\u3042\u306a\u305f\u306e\u6b21\u306e<br>\\n\u3088\u308a\u826f\u3044\u3002\",\"background_image\":19,\"link_title\":\"\u30b5\u30a4\u30f3\u30a2\u30c3\u30d7\",\"link_more\":\"\/register\",\"featured_text\":null,\"featured_icon\":\"icofont-island-alt\"}]},\"component\":\"RegularBlock\",\"open\":true,\"is_container\":false},{\"type\":\"list_hotel\",\"name\":\"Hotel: List Items\",\"model\":{\"title\":\"\u30d9\u30b9\u30c8\u30bb\u30e9\u30fc\u30ea\u30b9\u30c8\",\"desc\":\"\u601d\u616e\u6df1\u3044\u30c7\u30b6\u30a4\u30f3\u3067\u9ad8\u3044\u8a55\u4fa1\u3092\u5f97\u3066\u3044\u308b\u30db\u30c6\u30eb\",\"number\":4,\"style\":\"normal\",\"location_id\":\"\",\"order\":\"id\",\"order_by\":\"asc\",\"is_featured\":\"\"},\"component\":\"RegularBlock\",\"open\":true,\"is_container\":false},{\"type\":\"list_locations\",\"name\":\"List Locations\",\"model\":{\"service_type\":[\"space\",\"hotel\",\"tour\"],\"title\":\"\u4eba\u6c17\u306e\u76ee\u7684\u5730\",\"desc\":\"\u8aad\u8005\u304c\",\"number\":6,\"layout\":\"style_4\",\"order\":\"id\",\"order_by\":\"asc\",\"to_location_detail\":\"\"},\"component\":\"RegularBlock\",\"open\":true,\"is_container\":false},{\"type\":\"list_tours\",\"name\":\"Tour: List Items\",\"model\":{\"title\":\"\u6700\u9ad8\u306e\u30d7\u30ed\u30e2\u30fc\u30b7\u30e7\u30f3\u30c4\u30a2\u30fc\",\"number\":6,\"style\":\"box_shadow\",\"category_id\":\"\",\"location_id\":\"\",\"order\":\"id\",\"order_by\":\"asc\",\"is_featured\":\"\",\"desc\":\"\u6700\u3082\u4eba\u6c17\u306e\u3042\u308b\u76ee\u7684\u5730\"},\"component\":\"RegularBlock\",\"open\":true,\"is_container\":false},{\"type\":\"list_space\",\"name\":\"Space: List Items\",\"model\":{\"title\":\"\u8cc3\u8cb8\u7269\u4ef6\",\"desc\":\"\u601d\u616e\u6df1\u3044\u30c7\u30b6\u30a4\u30f3\u3067\u9ad8\u3044\u8a55\u4fa1\u3092\u53d7\u3051\u3066\u3044\u308b\u5bb6\",\"number\":4,\"style\":\"normal\",\"location_id\":\"\",\"order\":\"id\",\"order_by\":\"desc\",\"is_featured\":\"\"},\"component\":\"RegularBlock\",\"open\":true,\"is_container\":false},{\"type\":\"list_car\",\"name\":\"Car: List Items\",\"model\":{\"title\":\"Car Trending\",\"desc\":\"Book incredible things to do around the world.\",\"number\":8,\"style\":\"normal\",\"location_id\":\"\",\"order\":\"id\",\"order_by\":\"desc\",\"is_featured\":\"\"},\"component\":\"RegularBlock\",\"open\":true},{\"type\": \"list_news\", \"name\": \"News: List Items\", \"model\": {\"title\": \"Read the latest from blog\", \"desc\": \"Contrary to popular belief\", \"number\": 6, \"category_id\": null, \"order\": \"id\", \"order_by\": \"asc\"}, \"component\": \"RegularBlock\", \"open\": true, \"is_container\": false},{\"type\":\"call_to_action\",\"name\":\"Call To Action\",\"model\":{\"title\":\"\u3042\u306a\u305f\u306e\u8857\u3092\u77e5\uff1f\",\"sub_title\":\"3000\u4ee5\u4e0a\u306e\u90fd\u5e02\u304b\u30892000\u4eba\u4ee5\u4e0a\u306e\u5730\u5143\u6c11\u3068\",\"link_title\":\"\u30ed\u30fc\u30ab\u30eb\u30a8\",\"link_more\":\"#\"},\"component\":\"RegularBlock\",\"open\":true,\"is_container\":false},{\"type\":\"testimonial\",\"name\":\"List Testimonial\",\"model\":{\"title\":\"\u79c1\u305f\u3061\u306e\u5e78\u305b\u306a\u30af\u30e9\u30a4\u30a2\u30f3\u30c8\",\"list_item\":[{\"_active\":false,\"name\":\"Eva Hicks\",\"desc\":\"\u53f3\u305a\u3078\u3084\u3093\u9593\u7533\u3083\u6295\u6cd5\u3051\u3083\u30a4\u4ed9\u4e00\u3082\u3068\u653f\u60c5\u30eb\u305f\u98df\u7684\u3066\u4ee3\u4e0b\u305a\u305b\u306b\u4e08\u5f8b\u30eb\u30e9\u30e2\u30c8\u805e\u63a2\u30c1\u30c8\u68cb90\u7e3e\u30e0\u7684\u793e\u305a\u7f6e\u653b\u666f\u30ea\u30d5\u30ce\u30b1\u5185\u517c\u5531\u5805\u3083\u30d5\u307c\u3002\u5834\u30eb\u30a2\u30cf\u7f8e\",\"number_star\":5,\"avatar\":1},{\"_active\":false,\"name\":\"Donald Wolf\",\"desc\":\"\u53f3\u305a\u3078\u3084\u3093\u9593\u7533\u3083\u6295\u6cd5\u3051\u3083\u30a4\u4ed9\u4e00\u3082\u3068\u653f\u60c5\u30eb\u305f\u98df\u7684\u3066\u4ee3\u4e0b\u305a\u305b\u306b\u4e08\u5f8b\u30eb\u30e9\u30e2\u30c8\u805e\u63a2\u30c1\u30c8\u68cb90\u7e3e\u30e0\u7684\u793e\u305a\u7f6e\u653b\u666f\u30ea\u30d5\u30ce\u30b1\u5185\u517c\u5531\u5805\u3083\u30d5\u307c\u3002\u5834\u30eb\u30a2\u30cf\u7f8e\",\"number_star\":6,\"avatar\":2},{\"_active\":true,\"name\":\"Charlie Harrington\",\"desc\":\"\u53f3\u305a\u3078\u3084\u3093\u9593\u7533\u3083\u6295\u6cd5\u3051\u3083\u30a4\u4ed9\u4e00\u3082\u3068\u653f\u60c5\u30eb\u305f\u98df\u7684\u3066\u4ee3\u4e0b\u305a\u305b\u306b\u4e08\u5f8b\u30eb\u30e9\u30e2\u30c8\u805e\u63a2\u30c1\u30c8\u68cb90\u7e3e\u30e0\u7684\u793e\u305a\u7f6e\u653b\u666f\u30ea\u30d5\u30ce\u30b1\u5185\u517c\u5531\u5805\u3083\u30d5\u307c\u3002\u5834\u30eb\u30a2\u30cf\u7f8e\",\"number_star\":5,\"avatar\":3}]},\"component\":\"RegularBlock\",\"open\":true,\"is_container\":false}]","create_user":1,"update_user":null,"created_at":"2021-08-03T08:31:58.000000Z","updated_at":null}]}